id,platform,url,author,year_month,date,impressions,likes,comments,retweets,content,title,synced_at
c4c58431ec0b,reddit,https://www.reddit.com/r/cosmosnetwork/comments/1t0l1rs/nolus_in_a_nutshell_under_2_minutes/?utm_source=share&utm_medium=web3x&utm_name=web3xcss&utm_term=1&utm_content=share_button,sirthanos,2026-05,2026-05-01,,0,0,,,,2026-05-04T18:35:18.944026
8375710e5090,x,https://x.com/i/status/2050100323738399083,sirthanos,2026-05,2026-05-01,500,41,0,10,"What’s the point of robust code…
If people can’t actually use it?

Everyone talks about smart contract security…
but ignores how English-only apps lock out most of the world 

Nolus Protocol supports 7 languages and counting.",,2026-05-04T18:22:33.226912
89fec6e98ba9,x,https://x.com/i/status/2050102981027106919,tonyler,2026-05,2026-05-01,2112,78,5,11,Hackpril affected no @cosmos chain projects btw,,2026-05-04T18:23:55.249595
988d2c856a75,x,https://x.com/i/status/2050462661066842309,mike_limas,2026-05,2026-05-02,70,39,3,0,$ATOM,,2026-05-04T18:25:06.691558
314814d4027d,x,https://x.com/i/status/2050465612984471953,mike_limas,2026-05,2026-05-02,78,39,5,1,$ATOM,,2026-05-04T18:26:19.254836
ad301a5fb1be,x,https://x.com/i/status/2050583593194299731,sirthanos,2026-05,2026-05-02,328,40,3,4,.Nolus,,2026-05-04T18:27:39.228605
37fed37cd8f4,x,https://x.com/i/status/2050591889229815974,tonyler,2026-05,2026-05-02,2041,65,8,8,"Will this ever get green? 

$ATOM @NolusProtocol",,2026-05-04T18:28:54.346772
0468dc61b2ac,x,https://x.com/i/status/2050620796008014241,tonyler,2026-05,2026-05-02,1298,55,2,9,"The $USDC deposits on @NolusProtocol are so close to opening again.

You can use Nolly on Telegram to instantly deposit and frontrun other users.",,2026-05-04T18:30:06.072202
4e05c5057022,reddit,https://www.reddit.com/r/cosmoshub/s/xqiiU8DE8e,mike_limas,2026-05,2026-05-02,,0,0,,,,2026-05-04T18:35:31.449724
3b61b0f58e48,x,https://x.com/i/status/2049493728302149693,tonyler,2026-05,2026-05-03,1267,51,2,15,Nolus in a nutshell,,2026-05-04T18:31:19.497290
53b124bd46cf,x,https://x.com/i/status/2050845762485944786,tonyler,2026-05,2026-05-03,610,54,3,11,,,2026-05-04T18:32:38.593095
891c876d67e7,reddit,https://www.reddit.com/r/nolusprotocol/comments/1t2ffdb/35000000_nls_bought_back/?utm_source=share&utm_medium=web3x&utm_name=web3xcss&utm_term=1&utm_content=share_button,sirthanos,2026-05,2026-05-03,,0,0,,,,2026-05-04T18:35:37.750660
6b868602a98b,x,https://x.com/i/status/2051304618219425806,tonyler,2026-05,2026-05-04,249,32,0,5,"Don't be the average crypto bro and stop using the mainstream options. You have been milked for way too long now.

It is time to make some moves yourself. Take risks the CORRECT way.",,2026-05-04T18:33:57.146555
de7d22aa90da,x,https://x.com/i/status/2051301834447347840,tonyler,2026-05,2026-05-04,470,27,0,6,"DeFi users will lock $50k for six months to farm points that might be worth $300

But they refuse to pay a low, fixed interest rate to long an asset they actually have conviction in

We traded capital efficiency and calculated risk for engagement farming lotteries",,2026-05-04T18:35:10.118707
00d1c6f5ae68,x,https://x.com/i/status/2051377040654237971,sirthanos,2026-05,2026-05-04,,,,,,,
